HospedeID,Documento,Nome,DataNascimento,Genero
1,04442976610,Hospede_1,1960-01-02,Masculino
2,86946154514,Hospede_2,2016-02-20,Feminino
3,86536155749,Hospede_3,1995-11-07,Masculino
4,10284216665,Hospede_4,1953-02-15,Feminino
5,70829190431,Hospede_5,2011-07-10,Feminino
6,13181047413,Hospede_6,1967-09-16,Feminino
7,64842262258,Hospede_7,2015-09-21,Masculino
8,78297260046,Hospede_8,1979-06-05,Masculino
9,74997500886,Hospede_9,2004-09-01,Feminino
10,70135168025,Hospede_10,2001-08-31,Masculino
11,63247317812,Hospede_11,2017-09-08,Masculino
12,50898770570,Hospede_12,1967-03-23,Masculino
13,54488456761,Hospede_13,2010-05-23,Feminino
14,31731064815,Hospede_14,1971-08-21,Masculino
15,10566220525,Hospede_15,2012-07-03,Feminino
16,81699727037,Hospede_16,2008-02-28,Masculino
17,54252879808,Hospede_17,1984-07-21,Masculino
18,86902508921,Hospede_18,2014-02-10,Feminino
19,65674255336,Hospede_19,1967-11-06,Masculino
20,44814368740,Hospede_20,2007-03-26,Masculino
21,25135795590,Hospede_21,2015-08-06,Masculino
22,90700606237,Hospede_22,1969-10-17,Masculino
23,89767752987,Hospede_23,1988-02-24,Feminino
24,12558734983,Hospede_24,1957-09-20,Feminino
25,87894174094,Hospede_25,1994-01-11,Masculino
26,98058584231,Hospede_26,2005-06-08,Feminino
27,70143584945,Hospede_27,1951-06-30,Feminino
28,91850590298,Hospede_28,1995-01-05,Masculino
29,36161520667,Hospede_29,1995-10-08,Feminino
30,16819467626,Hospede_30,1953-02-07,Masculino
31,21210776520,Hospede_31,2009-03-07,Masculino
32,31317487823,Hospede_32,1973-10-24,Feminino
33,12833138236,Hospede_33,2012-11-16,Masculino
34,32542328508,Hospede_34,2002-10-03,Masculino
35,89257409517,Hospede_35,1979-04-25,Feminino
36,51989301621,Hospede_36,1992-04-03,Masculino
37,08870922318,Hospede_37,1952-11-20,Masculino
38,80844839033,Hospede_38,1952-10-11,Masculino
39,48333754996,Hospede_39,1972-04-23,Masculino
40,04014664123,Hospede_40,2000-01-11,Feminino
41,59850300545,Hospede_41,1992-12-09,Feminino
42,66159932000,Hospede_42,2003-01-20,Feminino
43,99747368494,Hospede_43,1966-04-26,Feminino
44,08814852253,Hospede_44,1971-02-19,Masculino
45,87383352115,Hospede_45,1990-11-16,Feminino
46,16052462916,Hospede_46,1975-11-01,Feminino
47,99817050520,Hospede_47,2012-06-14,Masculino
48,95691066968,Hospede_48,1982-07-29,Masculino
49,21694822900,Hospede_49,1975-09-29,Feminino
50,28480887777,Hospede_50,1976-07-03,Masculino
51,90595380852,Hospede_51,1965-12-15,Masculino
52,61290237929,Hospede_52,1973-12-15,Feminino
53,51289814478,Hospede_53,2009-04-15,Masculino
54,15671377604,Hospede_54,2017-07-11,Masculino
55,04923008228,Hospede_55,1970-02-11,Masculino
56,52359185717,Hospede_56,1955-06-25,Masculino
57,86916022835,Hospede_57,2017-06-16,Masculino
58,13501792508,Hospede_58,1971-07-19,Masculino
59,29267068106,Hospede_59,2016-03-02,Masculino
60,30352163179,Hospede_60,2000-01-09,Masculino
61,95602370382,Hospede_61,1958-03-07,Masculino
62,26676327367,Hospede_62,1986-05-01,Masculino
63,95257169991,Hospede_63,1954-01-19,Masculino
64,47787768904,Hospede_64,1950-01-17,Feminino
65,26540936825,Hospede_65,2009-04-22,Masculino
66,18247539675,Hospede_66,2000-04-13,Feminino
67,75657085095,Hospede_67,1961-07-08,Masculino
68,39239459730,Hospede_68,1950-06-22,Feminino
69,94104129941,Hospede_69,1989-11-02,Feminino
70,35706081220,Hospede_70,1989-12-13,Feminino
71,11668397222,Hospede_71,1970-11-27,Masculino
72,36390791106,Hospede_72,1987-12-06,Feminino
73,42152909748,Hospede_73,1957-09-02,Feminino
74,03232832409,Hospede_74,1971-03-15,Masculino
75,16553931429,Hospede_75,1964-09-16,Masculino
76,43663709219,Hospede_76,1987-08-13,Masculino
77,28367882640,Hospede_77,1963-01-07,Masculino
78,12791894010,Hospede_78,1978-08-30,Masculino
79,58063195747,Hospede_79,1969-08-18,Masculino
80,77744275570,Hospede_80,1993-03-31,Feminino
81,05108922324,Hospede_81,1965-09-10,Masculino
82,68630713357,Hospede_82,1952-10-26,Feminino
83,72438176563,Hospede_83,1987-11-15,Feminino
84,53547661646,Hospede_84,1953-02-22,Feminino
85,82913786821,Hospede_85,2005-07-13,Feminino
86,15242563453,Hospede_86,1962-12-25,Masculino
87,76392994589,Hospede_87,2012-05-16,Feminino
88,63525732469,Hospede_88,1962-02-05,Masculino
89,77549736618,Hospede_89,1989-06-01,Masculino
90,55558277284,Hospede_90,1960-08-28,Masculino
91,00133801228,Hospede_91,1982-05-31,Masculino
92,40816242636,Hospede_92,1976-10-12,Masculino
93,59662772540,Hospede_93,2010-03-19,Feminino
94,01938187358,Hospede_94,1967-02-03,Feminino
95,75292669186,Hospede_95,2005-07-28,Masculino
96,17781961899,Hospede_96,2008-09-22,Feminino
97,53067991835,Hospede_97,1979-05-08,Feminino
98,77125935790,Hospede_98,1974-01-13,Feminino
99,02680884699,Hospede_99,1982-01-11,Feminino
100,30485913934,Hospede_100,1989-07-26,Masculino
